categoria,subcategoria
alimentación,RecetasConAvena
alimentación,RecetasDeUnSoloIngrediente
alimentación,ComidasRarasDelMundo
alimentación,RecetasFáciles
alimentación,AlimentosQueEngañan
alimentación,AlimentosQueCuran
educación,ErroresEnExámenes
educación,DatosCuriososDeHistoria
educación,ManualidadesParaNiños
educación,PsicologíaParaTodos
educación,TrucosDeEstudio
educación,CuriosidadesDelCuerpoHumano
entretenimiento,ResumenDePelículas
entretenimiento,ErroresDePelículas
entretenimiento,SeriesDeSuspenso
entretenimiento,EfectosEspecialesMalos
entretenimiento,NiñosDiciendoCosasGraciosas
entretenimiento,AnimalesHaciendoCosasHumanas
tecnología,TecnologíaDelFuturo
tecnología,AppsParaProductividad
tecnología,GadgetsCuriosos
tecnología,InteligenciaArtificial
tecnología,TrucosDeCelulares
tecnología,InventosExtraños
salud,EntrenamientoEnCasa
salud,ConsejosParaDormirBien
salud,AlimentosQueCuran
salud,EjerciciosDeRespiración
salud,PosturasCorrectas
salud,MitosSobreLaSalud
sensacionalismo,CasosSinResolver
sensacionalismo,AccidentesCaptados
sensacionalismo,TransformacionesIncreíbles
sensacionalismo,CasosParanormales
sensacionalismo,ConspiracionesFamosas
sensacionalismo,MisteriosDelOcéano
ocio,MaquillajeDeHalloween
ocio,ViajesBaratosEuropa
ocio,FailsEnFiestas
ocio,BailesRandom
ocio,Memes
ocio,ViajesEnCarretera
moda,EstiloVintage
moda,CambiosDeLookExtremos
moda,LooksDeTemporada
moda,ErroresDeModa
moda,ColoresEnTendencia
moda,PeinadosCreativos
vida cotidiana,TrucosDeOrganización
vida cotidiana,HacksParaAhorrarDinero
vida cotidiana,ConsejosDePareja
vida cotidiana,DecoraciónLowCost
vida cotidiana,ComparacionesCuriosas
vida cotidiana,IdeasParaElHogar
negocios,IdeasDeNegocio
negocios,MarketingEnRedes
negocios,ErroresEmprendiendo
negocios,ConsejosParaVenderMás
negocios,ModelosDeNegocio
negocios,EmprendedoresExitosos
